'East','North','Notes: road segment ID 87741, lane 5, lane segment ID 1455226885, distances from origin (42.5829000, -83.6811000) in meters'
508.794,-357.546
508.093,-357.778
507.394,-358.014
506.696,-358.255
505.999,-358.499
505.302,-358.748
504.608,-359.004
503.916,-359.272
503.228,-359.554
502.542,-359.846
501.856,-360.138
501.169,-360.424
500.478,-360.695
499.783,-360.952
499.086,-361.194
498.385,-361.424
497.681,-361.642
496.975,-361.847
496.265,-362.040
495.552,-362.222
494.837,-362.392
