'East','North','Notes: road segment ID 87741, lane 2, lane segment ID 1455226882, distances from origin (42.5829000, -83.6811000) in meters'
511.203,-367.540
510.488,-367.712
509.773,-367.884
509.059,-368.056
508.344,-368.228
507.629,-368.400
506.914,-368.572
506.200,-368.744
505.485,-368.916
504.770,-369.088
504.055,-369.260
503.341,-369.432
502.626,-369.604
501.911,-369.776
501.196,-369.948
500.481,-370.120
499.767,-370.292
499.052,-370.464
498.337,-370.636
497.622,-370.808
496.907,-370.980
