'East','North','Notes: road segment ID 87741, lane 3, lane segment ID 1455226883, distances from origin (42.5829000, -83.6811000) in meters'
510.349,-363.996
509.633,-364.167
508.918,-364.338
508.203,-364.508
507.488,-364.679
506.773,-364.849
506.058,-365.019
505.343,-365.190
504.627,-365.360
503.913,-365.531
503.197,-365.701
502.482,-365.872
501.767,-366.043
501.052,-366.213
500.337,-366.384
499.622,-366.555
498.906,-366.725
498.192,-366.896
497.476,-367.066
496.761,-367.237
496.046,-367.407
