'East','North','Notes: road segment ID 87741, lane 4, lane segment ID 1455226884, distances from origin (42.5829000, -83.6811000) in meters'
509.575,-360.784
508.858,-360.950
508.142,-361.117
507.426,-361.283
506.710,-361.450
505.994,-361.616
505.278,-361.782
504.561,-361.949
503.845,-362.115
503.129,-362.281
502.413,-362.448
501.697,-362.614
500.981,-362.780
500.265,-362.947
499.548,-363.113
498.832,-363.280
498.116,-363.446
497.400,-363.612
496.684,-363.778
495.968,-363.945
495.251,-364.111
