'East','North','Notes: road segment ID 87741, lane 1, lane segment ID 1455226881, distances from origin (42.5829000, -83.6811000) in meters'
512.095,-371.239
511.380,-371.414
510.666,-371.588
509.952,-371.762
509.238,-371.936
508.524,-372.111
507.810,-372.285
507.095,-372.459
506.381,-372.633
505.667,-372.808
504.953,-372.982
504.239,-373.156
503.524,-373.330
502.810,-373.505
502.096,-373.679
501.381,-373.853
500.667,-374.028
499.953,-374.202
499.239,-374.376
498.524,-374.550
497.810,-374.725
