'East','North','Notes: road segment ID 40953, lane 3, lane segment ID 2683895811, distances from origin (42.5829000, -83.6811000) in meters'
-330.826,-757.188
-331.448,-757.581
-332.072,-757.973
-332.695,-758.365
-333.318,-758.757
-333.942,-759.150
-334.565,-759.542
-335.188,-759.934
-335.811,-760.326
-336.434,-760.719
-337.057,-761.112
-337.680,-761.503
-338.303,-761.896
-338.926,-762.289
-339.549,-762.681
-340.172,-763.073
-340.796,-763.466
-341.419,-763.858
-342.042,-764.251
-342.665,-764.644
-343.289,-765.037
-343.913,-765.431
-344.537,-765.824
-345.161,-766.217
-345.785,-766.609
-346.408,-767.002
-347.031,-767.395
-347.654,-767.787
-348.276,-768.180
-348.898,-768.572
-349.521,-768.964
-350.142,-769.355
-350.764,-769.747
-351.385,-770.139
-352.006,-770.530
-352.627,-770.922
-353.247,-771.313
-353.867,-771.705
-354.487,-772.096
-355.106,-772.488
-355.727,-772.880
-356.349,-773.273
-356.970,-773.666
-357.591,-774.059
-358.213,-774.452
-358.834,-774.845
-359.455,-775.237
-360.076,-775.630
-360.697,-776.023
-361.318,-776.416
-361.940,-776.809
-362.561,-777.201
-363.181,-777.595
-363.803,-777.987
-364.424,-778.380
-365.044,-778.773
-365.666,-779.166
-366.287,-779.559
-366.908,-779.952
-367.529,-780.345
-368.149,-780.738
-368.770,-781.130
-369.390,-781.522
-370.010,-781.915
-370.631,-782.309
-371.252,-782.702
-371.872,-783.095
-372.493,-783.489
-373.114,-783.882
-373.735,-784.276
-374.356,-784.669
-374.977,-785.062
-375.599,-785.456
-376.220,-785.849
-376.842,-786.243
-377.464,-786.636
-378.087,-787.030
-378.709,-787.423
-379.332,-787.816
-379.955,-788.210
-380.578,-788.603
-381.200,-788.995
-381.823,-789.387
-382.446,-789.779
-383.069,-790.170
-383.691,-790.562
-384.314,-790.954
-384.938,-791.345
-385.561,-791.736
