'East','North','Notes: road segment ID 87741, lane 5, lane segment ID 5750194181, distances from origin (42.5829000, -83.6811000) in meters'
510.402,-357.333
509.700,-357.566
508.998,-357.802
508.298,-358.042
507.599,-358.286
506.900,-358.535
506.203,-358.791
505.510,-359.059
504.819,-359.341
504.131,-359.633
503.443,-359.925
502.754,-360.210
502.061,-360.482
501.364,-360.738
500.664,-360.980
499.961,-361.210
499.255,-361.428
498.546,-361.633
497.834,-361.826
497.119,-362.008
496.402,-362.178
