'East','North','Notes: road segment ID 9894, lane 3, lane segment ID 648413187, distances from origin (42.5829000, -83.6811000) in meters'
635.101,-334.262
634.387,-334.434
633.673,-334.606
632.960,-334.777
632.246,-334.949
631.533,-335.120
630.819,-335.292
630.106,-335.463
629.392,-335.635
628.679,-335.806
627.965,-335.977
627.252,-336.149
626.538,-336.320
625.824,-336.491
625.111,-336.663
624.397,-336.834
623.684,-337.005
622.970,-337.176
622.256,-337.347
621.542,-337.518
620.829,-337.690
620.115,-337.861
619.402,-338.031
618.688,-338.203
617.974,-338.374
617.261,-338.545
616.547,-338.715
615.833,-338.886
615.119,-339.057
614.406,-339.227
613.692,-339.398
612.978,-339.569
612.264,-339.739
611.551,-339.909
610.837,-340.080
610.123,-340.250
609.409,-340.420
608.695,-340.590
607.981,-340.760
607.268,-340.930
606.554,-341.100
605.840,-341.269
605.125,-341.439
604.411,-341.609
603.698,-341.778
602.983,-341.948
602.269,-342.117
601.555,-342.286
600.841,-342.455
600.127,-342.624
599.413,-342.792
598.699,-342.961
597.984,-343.130
597.270,-343.299
596.556,-343.467
