'East','North','Notes: road segment ID 10320, lane 3, lane segment ID 676331523, distances from origin (42.5829000, -83.6811000) in meters'
123.290,-477.898
122.628,-478.222
121.966,-478.548
121.304,-478.872
120.642,-479.197
119.980,-479.522
119.318,-479.848
118.657,-480.174
117.995,-480.500
117.334,-480.827
116.673,-481.154
116.012,-481.481
115.352,-481.809
114.691,-482.136
114.030,-482.464
113.370,-482.793
112.710,-483.121
112.050,-483.450
111.390,-483.779
110.730,-484.109
110.071,-484.438
109.411,-484.769
108.752,-485.099
108.093,-485.430
107.434,-485.761
106.775,-486.093
106.116,-486.424
105.458,-486.756
104.800,-487.089
104.141,-487.421
103.483,-487.754
102.825,-488.087
102.168,-488.420
101.510,-488.754
100.852,-489.088
100.195,-489.422
