'East','North','Notes: road segment ID 10320, lane 1, lane segment ID 676331521, distances from origin (42.5829000, -83.6811000) in meters'
126.473,-484.348
125.815,-484.673
125.157,-484.999
124.499,-485.325
123.841,-485.652
123.183,-485.978
122.525,-486.305
121.868,-486.632
121.210,-486.959
120.552,-487.286
119.895,-487.614
119.237,-487.942
118.580,-488.269
117.923,-488.598
117.266,-488.926
116.609,-489.255
115.953,-489.583
115.296,-489.912
114.639,-490.241
113.982,-490.570
113.326,-490.899
112.670,-491.229
112.013,-491.559
111.357,-491.889
110.701,-492.219
110.045,-492.550
109.389,-492.880
108.734,-493.211
108.078,-493.542
107.422,-493.873
106.767,-494.204
106.111,-494.536
105.456,-494.867
104.801,-495.199
104.146,-495.532
103.491,-495.864
