'East','North','Notes: road segment ID 10320, lane 4, lane segment ID 676331524, distances from origin (42.5829000, -83.6811000) in meters'
121.694,-474.663
121.029,-474.986
120.365,-475.310
119.700,-475.634
119.036,-475.958
118.373,-476.283
117.709,-476.609
117.046,-476.934
116.383,-477.260
115.720,-477.587
115.057,-477.914
114.395,-478.242
113.733,-478.570
113.071,-478.898
112.409,-479.227
111.748,-479.556
111.086,-479.885
110.426,-480.216
109.764,-480.546
109.104,-480.877
108.443,-481.208
107.783,-481.541
107.123,-481.873
106.463,-482.205
105.804,-482.539
105.145,-482.873
104.485,-483.207
103.827,-483.541
103.168,-483.877
102.509,-484.211
101.851,-484.547
101.193,-484.884
100.535,-485.220
99.878,-485.558
99.221,-485.895
98.564,-486.233
