'East','North','Notes: road segment ID 10320, lane 2, lane segment ID 676331522, distances from origin (42.5829000, -83.6811000) in meters'
124.915,-481.191
124.255,-481.516
123.595,-481.842
122.936,-482.168
122.276,-482.494
121.616,-482.821
120.957,-483.148
120.298,-483.475
119.639,-483.802
118.979,-484.129
118.321,-484.457
117.662,-484.786
117.003,-485.114
116.345,-485.442
115.686,-485.771
115.028,-486.100
114.370,-486.429
113.712,-486.759
113.054,-487.088
112.396,-487.418
111.738,-487.748
111.081,-488.079
110.423,-488.409
109.766,-488.740
109.109,-489.072
108.452,-489.403
107.794,-489.734
107.138,-490.066
106.481,-490.398
105.824,-490.731
105.168,-491.064
104.512,-491.396
103.855,-491.729
103.199,-492.063
102.543,-492.396
101.887,-492.730
